Common Samples Compared,Mean Absolute Difference Raw A vs Raw B,Std Raw A,Std Filtered Cloud,Std Filtered Edge
600,0.8719903983333332,1.6074764040944232,1.0582334132976483,1.0800135182937973
